M0001,M0001,M0001,M0001,M0001,M0001,M0001,M0001,M0001,M0001,M0001,M0001,M0001,M0001,M0001,M0001,M0001,M0001,M0001,M0001,M0001,M0001,M0001,M0001,M0001,M0001,M0001,M0001,M0001,M0001,M0001,M0001,M0001,M0001,M0001,M0001,M0001,M0001,M0001,M0001,M0001,M0001,M0001,M0001,M0001,M0001,M0001,M0001,M0001,M0001,M0001,M0001,M0001,M0001,M0001,M0001,M0001,M0001,M0001,M0001,M0001,M0001,M0001,M0001,M0001,M0001,M0001,M0001,M0001,M0001,M0001,M0001,M0001,M0001,M0001,M0001,M0001,M0001,M0001,M0001,M0001,M0001,M0001,M0001
M0001,M0001,M0001,M0001,M0001,M0001,M0001,M0001,M0001,M0001,M0001,M0001,M0001,M0001,M0001,M0001,M0001,M0001,M0001,M0001,M0001,M0001,M0001,M0001,M0001,M0001,M0001,M0001,M0001,M0001,M0001,M0001,M0001,M0001,M0001,M0001,M0001,M0001,M0001,M0001,M0001,M0001,M0001,M0001,M0001,M0001,M0001,M0001,M0001,M0001,M0001,M0001,M0001,M0001,M0001,M0001,M0001,M0001,M0001,M0001,M0001,M0001,M0001,M0001,M0001,M0001,M0001,M0001,M0001,M0001,M0001,M0001,M0001,M0001,M0001,M0001,M0001,M0001,M0001,M0001,M0001,M0001,M0001,M0001
M0001,M0001,M0001,M0001,M0001,M0001,M0001,M0001,M0001,M0001,M0001,M0001,M0001,M0001,M0001,M0001,M0001,M0001,M0001,M0001,M0001,M0001,M0001,M0001,M0001,M0001,M0001,M0001,M0001,M0001,M0001,M0001,M0001,M0001,M0001,M0001,M0001,M0001,M0001,M0001,M0001,M0001,M0001,M0001,M0001,M0001,M0001,M0001,M0001,M0001,M0001,M0001,M0001,M0001,M0001,M0001,M0001,M0001,M0001,M0001,M0001,M0001,M0001,M0001,M0001,M0001,M0001,M0001,M0001,M0001,M0001,M0001,M0001,M0001,M0001,M0001,M0001,M0001,M0001,M0001,M0001,M0001,M0001,M0001
M0001,M0001,M0001,M0001,M0001,M0001,M0001,M0001,M0001,M0001,M0001,M0001,M0001,M0001,M0001,M0001,M0001,M0001,M0001,M0001,M0001,M0001,M0001,M0001,M0001,M0001,M0001,M0001,M0001,M0001,M0001,M0001,M0001,M0001,M0001,M0001,M0001,M0001,M0001,M0001,M0001,M0001,M0001,M0001,M0001,M0001,M0001,M0001,M0001,M0001,M0001,M0001,M0001,M0001,M0001,M0001,M0001,M0001,M0001,M0001,M0001,M0001,M0001,M0001,M0001,M0001,M0001,M0001,M0001,M0001,M0001,M0001,M0001,M0001,M0001,M0001,M0001,M0001,M0001,M0001,M0001,M0001,M0001,M0001
M0001,M0001,M0001,M0001,M0001,M0001,M0001,M0001,M0001,M0001,M0001,M0001,M0001,M0001,M0001,M0001,M0001,M0001,M0001,M0001,M0001,M0001,M0001,M0001,M0001,M0001,M0001,M0001,M0001,M0001,M0001,M0001,M0001,M0001,M0001,M0001,M0001,M0001,M0001,M0001,M0001,M0001,M0001,M0001,M0001,M0001,M0001,M0001,M0001,M0001,M0001,M0001,M0001,M0001,M0001,M0001,M0001,M0001,M0001,M0001,M0001,M0001,M0001,M0001,M0001,M0001,M0001,M0001,M0001,M0001,M0001,M0001,M0001,M0001,M0001,M0001,M0001,M0001,M0001,M0001,M0001,M0001,M0001,M0001
M0001,M0001,M0001,M0001,M0001,M0001,M0001,M0001,M0001,M0001,M0001,M0001,M0001,M0001,M0001,M0001,M0001,M0001,M0001,M0001,M0001,M0001,M0001,M0001,M0001,M0001,M0001,M0001,M0001,M0001,M0001,M0001,M0001,M0001,M0001,M0001,M0001,M0001,M0001,M0001,M0001,M0001,M0001,M0001,M0001,M0001,M0001,M0001,M0001,M0001,M0001,M0001,M0001,M0001,M0001,M0001,M0001,M0001,M0001,M0001,M0001,M0001,M0001,M0001,M0001,M0001,M0001,M0001,M0001,M0001,M0001,M0001,M0001,M0001,M0001,M0001,M0001,M0001,M0001,M0001,M0001,M0001,M0001,M0001
M0001,M0001,M0001,M0001,M0001,M0001,M0001,M0001,M0001,M0001,M0001,M0001,M0001,M0001,M0001,M0001,M0001,M0001,M0001,M0001,M0001,M0001,M0001,M0001,M0001,M0001,M0001,M0001,M0001,M0001,M0001,M0001,M0001,M0001,M0001,M0001,M0001,M0001,M0001,M0001,M0001,M0001,M0001,M0001,M0001,M0001,M0001,M0001,M0001,M0001,M0001,M0001,M0001,M0001,M0001,M0001,M0001,M0001,M0001,M0001,M0001,M0001,M0001,M0001,M0001,M0001,M0001,M0001,M0001,M0001,M0001,M0001,M0001,M0001,M0001,M0001,M0001,M0001,M0001,M0001,M0001,M0001,M0001,M0001
M0001,M0001,M0001,M0001,M0001,M0001,M0001,M0001,M0001,M0001,M0001,M0001,M0001,M0001,M0001,M0001,M0001,M0001,M0001,M0001,M0001,M0001,M0001,M0001,M0001,M0001,M0001,M0001,M0001,M0001,M0001,M0001,M0001,M0001,M0001,M0001,M0001,M0001,M0001,M0001,M0001,M0001,M0001,M0001,M0001,M0001,M0001,M0001,M0001,M0001,M0001,M0001,M0001,M0001,M0001,M0001,M0001,M0001,M0001,M0001,M0001,M0001,M0001,M0001,M0001,M0001,M0001,M0001,M0001,M0001,M0001,M0001,M0001,M0001,M0001,M0001,M0001,M0001,M0001,M0001,M0001,M0001,M0001,M0001
M0001,M0001,M0001,M0001,M0001,M0001,M0001,M0001,M0001,M0001,M0001,M0001,M0001,M0001,M0001,M0001,M0001,M0001,M0001,M0001,M0001,M0001,M0001,M0001,M0001,M0001,M0001,M0001,M0001,M0001,M0001,M0001,M0001,M0001,M0001,M0001,M0001,M0001,M0001,M0001,M0001,M0001,M0001,M0001,M0001,M0001,M0001,M0001,M0001,M0001,M0001,M0001,M0001,M0001,M0001,M0001,M0001,M0001,M0001,M0001,M0001,M0001,M0001,M0001,M0001,M0001,M0001,M0001,M0001,M0001,M0001,M0001,M0001,M0001,M0001,M0001,M0001,M0001,M0001,M0001,M0001,M0001,M0001,M0001
M0001,M0001,M0001,M0001,M0001,M0001,M0001,M0001,M0001,M0001,M0001,M0001,M0001,M0001,M0001,M0001,M0001,M0001,M0001,M0001,M0001,M0001,M0001,M0001,M0001,M0001,M0001,M0001,M0001,M0001,M0001,M0001,M0001,M0001,M0001,M0001,M0001,M0001,M0001,M0001,M0001,M0001,M0001,M0001,M0001,M0001,M0001,M0001,M0001,M0001,M0001,M0001,M0001,M0001,M0001,M0001,M0001,M0001,M0001,M0001,M0001,M0001,M0001,M0001,M0001,M0001,M0001,M0001,M0001,M0001,M0001,M0001,M0001,M0001,M0001,M0001,M0001,M0001,M0001,M0001,M0001,M0001,M0001,M0001
M0001,M0001,M0001,M0001,M0001,M0001,M0001,M0001,M0001,M0001,M0001,M0001,M0001,M0001,M0001,M0001,M0001,M0001,M0001,M0001,M0001,M0001,M0001,M0001,M0001,M0001,M0001,M0001,M0001,M0001,M0001,M0001,M0001,M0001,M0001,M0001,M0001,M0001,M0001,M0001,M0001,M0001,M0001,M0001,M0001,M0001,M0001,M0001,M0001,M0001,M0001,M0001,M0001,M0001,M0001,M0001,M0001,M0001,M0001,M0001,M0001,M0001,M0001,M0001,M0001,M0001,M0001,M0001,M0001,M0001,M0001,M0001,M0001,M0001,M0001,M0001,M0001,M0001,M0001,M0001,M0001,M0001,M0001,M0001
M0001,M0001,M0001,M0001,M0001,M0001,M0001,M0001,M0001,M0001,M0001,M0001,M0001,M0001,M0001,M0001,M0001,M0001,M0001,M0001,M0001,M0001,M0001,M0001,M0001,M0001,M0001,M0001,M0001,M0001,M0001,M0001,M0001,M0001,M0001,M0001,M0001,M0001,M0001,M0001,M0001,M0001,M0001,M0001,M0001,M0001,M0001,M0001,M0001,M0001,M0001,M0001,M0002,M0002,M0002,M0002,M0002,M0002,M0002,M0002,M0002,M0001,M0001,M0001,M0001,M0001,M0001,M0001,M0001,M0001,M0001,M0001,M0001,M0001,M0001,M0001,M0001,M0001,M0001,M0001,M0001,M0001,M0001,M0001
M0001,M0001,M0001,M0001,M0001,M0001,M0001,M0001,M0001,M0001,M0001,M0001,M0001,M0001,M0001,M0001,M0001,M0001,M0001,M0001,M0001,M0001,M0001,M0001,M0001,M0001,M0001,M0001,M0001,M0001,M0001,M0001,M0001,M0001,M0001,M0001,M0001,M0001,M0001,M0001,M0001,M0001,M0001,M0001,M0001,M0001,M0001,M0001,M0001,M0001,M0001,M0002,M0002,M0002,M0002,M0002,M0002,M0002,M0002,M0002,M0002,M0002,M0001,M0001,M0001,M0001,M0001,M0001,M0001,M0001,M0001,M0001,M0001,M0001,M0001,M0001,M0001,M0001,M0001,M0001,M0001,M0001,M0001,M0001
M0001,M0001,M0001,M0001,M0001,M0001,M0001,M0001,M0001,M0001,M0001,M0001,M0001,M0001,M0001,M0001,M0001,M0001,M0001,M0001,M0001,M0001,M0001,M0001,M0001,M0001,M0001,M0001,M0001,M0001,M0001,M0001,M0001,M0001,M0001,M0001,M0001,M0001,M0001,M0001,M0001,M0001,M0001,M0001,M0001,M0001,M0001,M0001,M0001,M0001,M0001,M0002,M0002,M0002,M0002,M0002,M0002,M0002,M0002,M0002,M0002,M0002,M0001,M0001,M0001,M0001,M0001,M0001,M0001,M0001,M0001,M0001,M0001,M0001,M0001,M0001,M0001,M0001,M0001,M0001,M0001,M0001,M0001,M0001
M0001,M0001,M0001,M0001,M0001,M0001,M0001,M0001,M0001,M0001,M0001,M0001,M0001,M0001,M0001,M0001,M0001,M0001,M0001,M0001,M0001,M0001,M0001,M0001,M0001,M0001,M0001,M0001,M0001,M0001,M0001,M0001,M0001,M0001,M0001,M0001,M0001,M0001,M0001,M0001,M0001,M0001,M0001,M0001,M0001,M0001,M0001,M0001,M0001,M0001,M0002,M0002,M0001,M0001,M0001,M0002,M0002,M0002,M0001,M0001,M0001,M0002,M0002,M0001,M0001,M0001,M0001,M0001,M0001,M0001,M0001,M0001,M0001,M0001,M0001,M0001,M0001,M0001,M0001,M0001,M0001,M0001,M0001,M0001
M0001,M0001,M0001,M0001,M0001,M0001,M0001,M0001,M0001,M0001,M0001,M0001,M0001,M0001,M0001,M0001,M0001,M0001,M0001,M0001,M0001,M0001,M0001,M0001,M0001,M0001,M0001,M0001,M0001,M0001,M0001,M0001,M0001,M0001,M0001,M0001,M0001,M0001,M0001,M0001,M0001,M0001,M0001,M0001,M0001,M0001,M0001,M0001,M0001,M0001,M0002,M0002,M0001,M0001,M0001,M0002,M0002,M0002,M0001,M0001,M0001,M0002,M0002,M0001,M0001,M0001,M0001,M0001,M0001,M0001,M0001,M0001,M0001,M0001,M0001,M0001,M0001,M0001,M0001,M0001,M0001,M0001,M0001,M0001
M0001,M0001,M0001,M0001,M0001,M0001,M0001,M0001,M0001,M0001,M0001,M0001,M0001,M0001,M0001,M0001,M0001,M0001,M0001,M0001,M0001,M0001,M0001,M0001,M0001,M0001,M0001,M0001,M0001,M0001,M0001,M0001,M0001,M0001,M0001,M0001,M0001,M0001,M0001,M0001,M0001,M0001,M0001,M0001,M0001,M0001,M0001,M0001,M0001,M0001,M0002,M0002,M0001,M0001,M0001,M0002,M0002,M0002,M0001,M0001,M0001,M0002,M0002,M0001,M0001,M0001,M0001,M0001,M0001,M0001,M0001,M0001,M0001,M0001,M0001,M0001,M0001,M0001,M0001,M0001,M0001,M0001,M0001,M0001
M0001,M0001,M0001,M0001,M0001,M0001,M0001,M0001,M0001,M0001,M0001,M0001,M0001,M0001,M0001,M0001,M0001,M0001,M0001,M0001,M0001,M0001,M0001,M0001,M0001,M0001,M0001,M0001,M0001,M0001,M0001,M0001,M0001,M0001,M0001,M0001,M0001,M0001,M0001,M0001,M0001,M0001,M0001,M0001,M0001,M0001,M0001,M0001,M0001,M0001,M0002,M0002,M0002,M0002,M0002,M0002,M0001,M0002,M0002,M0002,M0002,M0002,M0002,M0001,M0001,M0001,M0001,M0001,M0001,M0001,M0001,M0001,M0001,M0001,M0001,M0001,M0001,M0001,M0001,M0001,M0001,M0001,M0001,M0001
M0001,M0001,M0001,M0001,M0001,M0001,M0001,M0001,M0001,M0001,M0001,M0001,M0001,M0001,M0001,M0001,M0001,M0001,M0001,M0001,M0001,M0001,M0001,M0001,M0001,M0001,M0001,M0001,M0001,M0001,M0001,M0001,M0001,M0001,M0001,M0001,M0001,M0001,M0001,M0001,M0001,M0001,M0001,M0001,M0001,M0001,M0001,M0001,M0001,M0001,M0001,M0002,M0002,M0002,M0002,M0002,M0001,M0002,M0002,M0002,M0002,M0002,M0001,M0001,M0001,M0001,M0001,M0001,M0001,M0001,M0001,M0001,M0001,M0001,M0001,M0001,M0001,M0001,M0001,M0001,M0001,M0001,M0001,M0001
M0001,M0001,M0001,M0001,M0001,M0001,M0001,M0001,M0001,M0001,M0001,M0001,M0001,M0001,M0001,M0001,M0001,M0001,M0001,M0001,M0001,M0001,M0001,M0001,M0001,M0001,M0001,M0001,M0001,M0001,M0001,M0001,M0001,M0001,M0001,M0001,M0001,M0001,M0001,M0001,M0001,M0001,M0001,M0001,M0001,M0001,M0001,M0001,M0001,M0001,M0001,M0002,M0002,M0002,M0002,M0002,M0002,M0002,M0002,M0002,M0002,M0002,M0001,M0001,M0001,M0001,M0001,M0001,M0001,M0001,M0001,M0001,M0001,M0001,M0001,M0001,M0001,M0001,M0001,M0001,M0001,M0001,M0001,M0001
M0001,M0001,M0001,M0001,M0001,M0001,M0001,M0001,M0001,M0001,M0001,M0001,M0001,M0001,M0001,M0001,M0001,M0001,M0001,M0001,M0001,M0001,M0001,M0001,M0001,M0001,M0001,M0001,M0001,M0001,M0001,M0001,M0001,M0001,M0001,M0001,M0001,M0001,M0001,M0001,M0001,M0001,M0001,M0001,M0001,M0001,M0001,M0001,M0001,M0001,M0001,M0001,M0001,M0002,M0002,M0002,M0002,M0002,M0002,M0002,M0001,M0001,M0001,M0001,M0001,M0001,M0001,M0001,M0001,M0001,M0001,M0001,M0001,M0001,M0001,M0001,M0001,M0001,M0001,M0001,M0001,M0001,M0001,M0001
M0001,M0008,M0008,M0008,M0008,M0008,M0008,M0008,M0008,M0008,M0008,M0008,M0008,M0008,M0008,M0008,M0008,M0008,M0008,M0001,M0001,M0001,M0001,M0001,M0001,M0001,M0001,M0001,M0001,M0001,M0001,M0001,M0001,M0001,M0001,M0001,M0007,M0001,M0001,M0001,M0001,M0001,M0001,M0001,M0001,M0001,M0001,M0001,M0001,M0001,M0001,M0001,M0001,M0001,M0002,M0001,M0002,M0001,M0002,M0001,M0001,M0001,M0001,M0001,M0001,M0001,M0001,M0001,M0001,M0001,M0001,M0001,M0001,M0001,M0001,M0001,M0001,M0001,M0001,M0001,M0001,M0001,M0001,M0001
M0001,M0008,M0008,M0008,M0008,M0008,M0008,M0008,M0008,M0008,M0008,M0008,M0008,M0008,M0008,M0008,M0008,M0008,M0008,M0008,M0001,M0001,M0001,M0001,M0001,M0001,M0001,M0001,M0001,M0001,M0001,M0001,M0001,M0001,M0001,M0001,M0007,M0001,M0001,M0001,M0001,M0001,M0001,M0001,M0001,M0001,M0001,M0001,M0001,M0001,M0001,M0001,M0001,M0001,M0001,M0001,M0001,M0001,M0001,M0001,M0001,M0001,M0001,M0001,M0001,M0001,M0001,M0001,M0001,M0001,M0001,M0001,M0001,M0001,M0001,M0001,M0001,M0001,M0001,M0001,M0001,M0001,M0001,M0001
M0001,M0008,M0008,M0008,M0008,M0008,M0008,M0008,M0008,M0008,M0008,M0008,M0008,M0008,M0008,M0008,M0008,M0008,M0008,M0008,M0001,M0001,M0001,M0001,M0001,M0001,M0001,M0001,M0001,M0001,M0001,M0001,M0001,M0001,M0001,M0001,M0007,M0001,M0001,M0001,M0001,M0001,M0001,M0001,M0001,M0001,M0001,M0001,M0001,M0001,M0001,M0001,M0001,M0001,M0001,M0001,M0001,M0001,M0001,M0001,M0001,M0001,M0001,M0001,M0001,M0001,M0001,M0001,M0001,M0001,M0001,M0001,M0001,M0001,M0001,M0001,M0001,M0001,M0001,M0001,M0001,M0001,M0001,M0001
M0001,M0008,M0008,M0008,M0008,M0008,M0008,M0008,M0008,M0008,M0008,M0008,M0008,M0008,M0008,M0008,M0008,M0008,M0008,M0008,M0008,M0008,M0001,M0001,M0001,M0001,M0001,M0001,M0001,M0001,M0001,M0001,M0001,M0001,M0001,M0001,M0007,M0001,M0001,M0001,M0001,M0001,M0001,M0001,M0001,M0001,M0001,M0001,M0001,M0001,M0001,M0001,M0001,M0001,M0001,M0001,M0001,M0001,M0001,M0001,M0001,M0001,M0001,M0001,M0001,M0001,M0001,M0001,M0001,M0001,M0001,M0001,M0001,M0001,M0001,M0001,M0001,M0001,M0001,M0001,M0001,M0001,M0001,M0001
M0001,M0008,M0008,M0008,M0008,M0008,M0008,M0008,M0008,M0008,M0008,M0008,M0008,M0008,M0008,M0008,M0008,M0008,M0008,M0008,M0008,M0008,M0008,M0001,M0001,M0001,M0001,M0001,M0001,M0001,M0001,M0001,M0001,M0001,M0001,M0001,M0007,M0001,M0001,M0001,M0001,M0001,M0001,M0001,M0001,M0001,M0001,M0001,M0001,M0001,M0001,M0001,M0001,M0001,M0001,M0001,M0001,M0001,M0001,M0001,M0001,M0001,M0001,M0001,M0001,M0001,M0001,M0001,M0001,M0001,M0001,M0001,M0001,M0001,M0001,M0001,M0001,M0001,M0001,M0001,M0001,M0001,M0001,M0001
M0001,M0008,M0008,M0008,M0008,M0008,M0008,M0008,M0008,M0008,M0008,M0008,M0008,M0008,M0008,M0008,M0008,M0008,M0008,M0008,M0008,M0008,M0008,M0008,M0001,M0001,M0001,M0001,M0001,M0001,M0001,M0001,M0001,M0001,M0001,M0001,M0007,M0001,M0001,M0001,M0001,M0001,M0001,M0001,M0001,M0001,M0001,M0001,M0001,M0001,M0001,M0001,M0001,M0001,M0001,M0001,M0001,M0001,M0001,M0001,M0001,M0001,M0001,M0001,M0001,M0001,M0001,M0001,M0001,M0001,M0001,M0001,M0001,M0001,M0001,M0001,M0001,M0001,M0001,M0001,M0001,M0001,M0001,M0001
M0001,M0008,M0008,M0008,M0008,M0008,M0008,M0008,M0008,M0008,M0008,M0008,M0008,M0008,M0008,M0008,M0008,M0008,M0008,M0008,M0008,M0008,M0008,M0008,M0008,M0001,M0001,M0001,M0001,M0001,M0001,M0001,M0001,M0007,M0007,M0007,M0007,M0007,M0007,M0007,M0001,M0001,M0001,M0001,M0001,M0001,M0001,M0001,M0001,M0001,M0001,M0001,M0001,M0001,M0001,M0001,M0001,M0001,M0001,M0001,M0001,M0001,M0001,M0001,M0001,M0001,M0001,M0001,M0001,M0001,M0001,M0001,M0001,M0001,M0001,M0001,M0001,M0001,M0001,M0001,M0001,M0001,M0001,M0001
M0001,M0008,M0008,M0008,M0008,M0008,M0008,M0008,M0008,M0008,M0008,M0008,M0008,M0008,M0008,M0008,M0008,M0008,M0008,M0008,M0008,M0008,M0008,M0008,M0008,M0001,M0001,M0001,M0001,M0001,M0001,M0001,M0001,M0007,M0007,M0007,M0007,M0007,M0007,M0007,M0001,M0001,M0001,M0001,M0001,M0001,M0001,M0001,M0001,M0001,M0001,M0001,M0001,M0001,M0001,M0001,M0001,M0001,M0001,M0001,M0001,M0001,M0001,M0001,M0001,M0001,M0001,M0001,M0001,M0001,M0001,M0001,M0001,M0001,M0001,M0001,M0001,M0001,M0001,M0001,M0001,M0001,M0001,M0001
M0001,M0008,M0008,M0008,M0008,M0008,M0008,M0008,M0008,M0008,M0008,M0008,M0008,M0008,M0008,M0008,M0008,M0008,M0008,M0008,M0008,M0008,M0008,M0008,M0008,M0008,M0008,M0001,M0001,M0001,M0001,M0001,M0001,M0007,M0007,M0007,M0007,M0007,M0007,M0007,M0001,M0001,M0001,M0001,M0001,M0001,M0001,M0001,M0001,M0001,M0001,M0001,M0001,M0001,M0001,M0001,M0001,M0001,M0001,M0001,M0001,M0001,M0001,M0001,M0001,M0001,M0001,M0001,M0001,M0001,M0001,M0001,M0001,M0001,M0001,M0001,M0001,M0001,M0001,M0001,M0001,M0001,M0001,M0001
M0001,M0008,M0008,M0008,M0008,M0008,M0008,M0008,M0008,M0008,M0008,M0008,M0008,M0008,M0008,M0008,M0008,M0008,M0008,M0008,M0008,M0008,M0008,M0008,M0008,M0008,M0008,M0008,M0008,M0001,M0001,M0001,M0001,M0007,M0007,M0007,M0007,M0007,M0007,M0007,M0001,M0001,M0001,M0001,M0001,M0001,M0001,M0001,M0001,M0001,M0001,M0001,M0001,M0001,M0001,M0001,M0001,M0001,M0001,M0001,M0001,M0001,M0001,M0001,M0001,M0001,M0001,M0001,M0001,M0001,M0001,M0001,M0001,M0001,M0001,M0001,M0001,M0001,M0001,M0001,M0001,M0001,M0001,M0001
M0001,M0008,M0008,M0008,M0008,M0008,M0008,M0008,M0008,M0008,M0008,M0008,M0008,M0008,M0008,M0008,M0008,M0008,M0008,M0008,M0008,M0008,M0008,M0008,M0008,M0008,M0008,M0008,M0008,M0008,M0001,M0001,M0001,M0007,M0007,M0007,M0007,M0007,M0007,M0007,M0001,M0001,M0001,M0001,M0001,M0001,M0001,M0001,M0001,M0001,M0001,M0001,M0001,M0001,M0001,M0001,M0001,M0001,M0001,M0001,M0001,M0001,M0001,M0001,M0001,M0001,M0001,M0001,M0001,M0001,M0001,M0001,M0001,M0001,M0001,M0001,M0001,M0001,M0001,M0001,M0001,M0001,M0001,M0001
M0001,M0008,M0008,M0008,M0008,M0008,M0008,M0008,M0008,M0008,M0008,M0008,M0008,M0008,M0008,M0008,M0008,M0008,M0008,M0008,M0008,M0008,M0008,M0008,M0008,M0008,M0008,M0008,M0008,M0008,M0008,M0001,M0001,M0007,M0007,M0007,M0007,M0007,M0007,M0007,M0001,M0001,M0001,M0001,M0001,M0001,M0001,M0001,M0001,M0001,M0001,M0001,M0001,M0001,M0001,M0001,M0001,M0001,M0001,M0001,M0001,M0001,M0001,M0001,M0001,M0001,M0001,M0001,M0001,M0001,M0001,M0001,M0001,M0001,M0001,M0001,M0001,M0001,M0001,M0001,M0001,M0001,M0001,M0001
M0001,M0008,M0008,M0008,M0008,M0008,M0008,M0008,M0008,M0008,M0008,M0008,M0008,M0008,M0008,M0008,M0008,M0008,M0008,M0008,M0008,M0008,M0008,M0008,M0008,M0008,M0008,M0008,M0008,M0008,M0008,M0001,M0001,M0007,M0007,M0007,M0007,M0007,M0007,M0007,M0001,M0001,M0001,M0001,M0001,M0001,M0001,M0001,M0001,M0001,M0001,M0001,M0001,M0001,M0001,M0001,M0001,M0001,M0001,M0001,M0001,M0001,M0001,M0001,M0001,M0001,M0001,M0001,M0001,M0001,M0001,M0001,M0001,M0001,M0001,M0001,M0001,M0001,M0001,M0001,M0001,M0001,M0001,M0001
M0001,M0008,M0008,M0008,M0008,M0008,M0008,M0008,M0008,M0008,M0008,M0008,M0008,M0008,M0008,M0008,M0008,M0008,M0008,M0008,M0008,M0008,M0008,M0008,M0008,M0008,M0008,M0008,M0008,M0008,M0008,M0001,M0001,M0001,M0001,M0007,M0007,M0001,M0001,M0001,M0001,M0001,M0001,M0001,M0001,M0001,M0001,M0001,M0001,M0001,M0001,M0001,M0001,M0001,M0001,M0001,M0001,M0001,M0001,M0001,M0001,M0001,M0001,M0001,M0001,M0001,M0001,M0001,M0001,M0001,M0001,M0001,M0001,M0001,M0001,M0001,M0001,M0001,M0001,M0001,M0001,M0001,M0001,M0001
M0001,M0008,M0008,M0008,M0008,M0008,M0008,M0008,M0008,M0008,M0008,M0008,M0008,M0008,M0008,M0008,M0008,M0008,M0008,M0008,M0008,M0008,M0008,M0008,M0008,M0008,M0008,M0008,M0008,M0008,M0008,M0008,M0008,M0008,M0007,M0007,M0007,M0007,M0007,M0007,M0007,M0007,M0007,M0007,M0007,M0007,M0007,M0007,M0007,M0007,M0007,M0007,M0007,M0007,M0007,M0007,M0007,M0007,M0007,M0007,M0007,M0007,M0007,M0007,M0007,M0007,M0007,M0007,M0007,M0007,M0007,M0007,M0007,M0007,M0007,M0007,M0007,M0007,M0007,M0007,M0007,M0007,M0007,M0007
M0001,M0008,M0008,M0008,M0008,M0008,M0008,M0008,M0008,M0008,M0008,M0008,M0008,M0008,M0008,M0008,M0008,M0008,M0008,M0008,M0008,M0008,M0008,M0008,M0008,M0008,M0008,M0008,M0008,M0008,M0008,M0008,M0008,M0008,M0007,M0007,M0007,M0007,M0007,M0007,M0007,M0007,M0007,M0007,M0007,M0007,M0007,M0007,M0007,M0007,M0007,M0007,M0007,M0007,M0007,M0007,M0007,M0007,M0007,M0007,M0007,M0007,M0007,M0007,M0007,M0007,M0007,M0007,M0007,M0007,M0007,M0007,M0007,M0007,M0007,M0007,M0007,M0007,M0007,M0007,M0007,M0007,M0007,M0007
M0001,M0008,M0008,M0008,M0008,M0008,M0008,M0008,M0008,M0008,M0008,M0008,M0008,M0008,M0008,M0008,M0008,M0008,M0008,M0008,M0008,M0008,M0008,M0008,M0008,M0008,M0008,M0008,M0008,M0008,M0008,M0008,M0008,M0008,M0007,M0007,M0007,M0007,M0007,M0007,M0007,M0007,M0007,M0007,M0007,M0007,M0007,M0007,M0007,M0007,M0007,M0007,M0007,M0007,M0007,M0007,M0007,M0007,M0007,M0007,M0007,M0007,M0007,M0007,M0007,M0007,M0007,M0007,M0007,M0007,M0007,M0007,M0007,M0007,M0007,M0007,M0007,M0007,M0007,M0007,M0007,M0007,M0007,M0007
M0001,M0008,M0008,M0008,M0008,M0008,M0008,M0008,M0008,M0008,M0008,M0008,M0008,M0008,M0008,M0008,M0008,M0008,M0008,M0008,M0008,M0008,M0008,M0008,M0008,M0008,M0008,M0008,M0008,M0008,M0008,M0008,M0008,M0008,M0007,M0007,M0007,M0007,M0007,M0007,M0007,M0007,M0007,M0007,M0007,M0007,M0007,M0007,M0007,M0007,M0007,M0007,M0007,M0007,M0007,M0007,M0007,M0007,M0007,M0007,M0007,M0007,M0007,M0007,M0007,M0007,M0007,M0007,M0007,M0007,M0007,M0007,M0007,M0007,M0007,M0007,M0007,M0007,M0007,M0007,M0007,M0007,M0007,M0007
M0001,M0008,M0008,M0008,M0008,M0008,M0008,M0008,M0008,M0008,M0008,M0008,M0008,M0008,M0008,M0008,M0008,M0008,M0008,M0008,M0008,M0008,M0008,M0008,M0008,M0008,M0008,M0008,M0008,M0008,M0008,M0008,M0008,M0008,M0007,M0007,M0007,M0007,M0007,M0007,M0007,M0007,M0007,M0007,M0007,M0007,M0007,M0007,M0007,M0007,M0007,M0007,M0007,M0007,M0007,M0007,M0007,M0007,M0007,M0007,M0007,M0007,M0007,M0007,M0007,M0007,M0007,M0007,M0007,M0007,M0007,M0007,M0007,M0007,M0007,M0007,M0007,M0007,M0007,M0007,M0007,M0007,M0007,M0007
M0001,M0008,M0008,M0008,M0008,M0008,M0008,M0008,M0008,M0008,M0008,M0008,M0008,M0008,M0008,M0008,M0008,M0008,M0008,M0008,M0008,M0008,M0008,M0008,M0008,M0008,M0008,M0008,M0008,M0008,M0008,M0008,M0008,M0008,M0007,M0007,M0007,M0007,M0007,M0007,M0007,M0007,M0007,M0007,M0007,M0007,M0007,M0007,M0007,M0007,M0007,M0007,M0007,M0007,M0007,M0007,M0007,M0007,M0007,M0007,M0007,M0007,M0007,M0007,M0007,M0007,M0007,M0007,M0007,M0007,M0007,M0007,M0007,M0007,M0007,M0007,M0007,M0007,M0007,M0007,M0007,M0007,M0007,M0007
M0001,M0008,M0008,M0008,M0008,M0008,M0008,M0008,M0008,M0008,M0008,M0008,M0008,M0008,M0008,M0008,M0008,M0008,M0008,M0008,M0008,M0008,M0008,M0008,M0008,M0008,M0008,M0008,M0008,M0008,M0008,M0008,M0008,M0008,M0007,M0007,M0007,M0007,M0007,M0007,M0007,M0007,M0007,M0007,M0007,M0007,M0007,M0007,M0007,M0007,M0007,M0007,M0007,M0007,M0007,M0007,M0007,M0007,M0007,M0007,M0007,M0007,M0007,M0007,M0007,M0007,M0007,M0007,M0007,M0007,M0007,M0007,M0007,M0007,M0007,M0007,M0007,M0007,M0007,M0007,M0007,M0007,M0007,M0007
M0001,M0008,M0008,M0008,M0008,M0008,M0008,M0008,M0008,M0008,M0008,M0008,M0008,M0008,M0008,M0008,M0008,M0008,M0008,M0008,M0008,M0008,M0008,M0008,M0008,M0008,M0008,M0008,M0008,M0008,M0008,M0008,M0008,M0008,M0007,M0007,M0007,M0007,M0007,M0007,M0007,M0007,M0007,M0007,M0007,M0007,M0007,M0007,M0007,M0007,M0007,M0007,M0007,M0007,M0007,M0007,M0007,M0007,M0007,M0007,M0007,M0007,M0007,M0007,M0007,M0007,M0007,M0007,M0007,M0007,M0007,M0007,M0007,M0007,M0007,M0007,M0007,M0007,M0007,M0007,M0007,M0007,M0007,M0007
M0001,M0008,M0008,M0008,M0008,M0008,M0008,M0008,M0008,M0008,M0008,M0008,M0008,M0008,M0008,M0008,M0008,M0008,M0008,M0008,M0008,M0008,M0008,M0008,M0008,M0008,M0008,M0008,M0008,M0008,M0008,M0008,M0008,M0008,M0007,M0007,M0007,M0007,M0007,M0007,M0007,M0007,M0007,M0007,M0007,M0007,M0007,M0007,M0007,M0007,M0007,M0007,M0007,M0007,M0007,M0007,M0007,M0007,M0007,M0007,M0007,M0007,M0007,M0007,M0007,M0007,M0007,M0007,M0007,M0007,M0007,M0007,M0007,M0007,M0007,M0007,M0007,M0007,M0007,M0007,M0007,M0007,M0007,M0007
M0001,M0008,M0008,M0008,M0008,M0008,M0008,M0008,M0008,M0008,M0008,M0008,M0008,M0008,M0008,M0008,M0008,M0008,M0008,M0008,M0008,M0008,M0008,M0008,M0008,M0008,M0008,M0008,M0008,M0008,M0008,M0008,M0008,M0008,M0007,M0007,M0007,M0007,M0007,M0007,M0007,M0007,M0007,M0007,M0007,M0007,M0007,M0007,M0007,M0007,M0007,M0007,M0007,M0007,M0007,M0007,M0007,M0007,M0007,M0007,M0007,M0007,M0007,M0007,M0007,M0007,M0007,M0007,M0007,M0007,M0007,M0007,M0007,M0007,M0007,M0007,M0007,M0007,M0007,M0007,M0007,M0007,M0007,M0007
M0001,M0008,M0008,M0008,M0008,M0008,M0008,M0008,M0008,M0008,M0008,M0008,M0008,M0008,M0008,M0008,M0008,M0008,M0008,M0008,M0008,M0008,M0008,M0008,M0008,M0008,M0008,M0008,M0008,M0008,M0008,M0008,M0008,M0008,M0007,M0007,M0007,M0007,M0007,M0007,M0007,M0007,M0007,M0007,M0007,M0007,M0007,M0007,M0007,M0007,M0007,M0007,M0007,M0007,M0007,M0007,M0007,M0007,M0007,M0007,M0007,M0007,M0007,M0007,M0007,M0007,M0007,M0007,M0007,M0007,M0007,M0007,M0007,M0007,M0007,M0007,M0007,M0007,M0007,M0007,M0007,M0007,M0007,M0007
M0001,M0008,M0008,M0008,M0008,M0008,M0008,M0008,M0008,M0008,M0008,M0008,M0008,M0008,M0008,M0008,M0008,M0008,M0008,M0008,M0008,M0008,M0008,M0008,M0008,M0008,M0008,M0008,M0008,M0008,M0008,M0008,M0008,M0008,M0007,M0007,M0007,M0007,M0007,M0007,M0007,M0007,M0007,M0007,M0007,M0007,M0007,M0007,M0007,M0007,M0007,M0007,M0007,M0007,M0007,M0007,M0007,M0007,M0007,M0007,M0007,M0007,M0007,M0007,M0007,M0007,M0007,M0007,M0007,M0007,M0007,M0007,M0007,M0007,M0007,M0007,M0007,M0007,M0007,M0007,M0007,M0007,M0007,M0007
M0001,M0008,M0008,M0008,M0008,M0008,M0008,M0008,M0008,M0008,M0008,M0008,M0008,M0008,M0008,M0008,M0008,M0008,M0008,M0008,M0008,M0008,M0008,M0008,M0008,M0008,M0008,M0008,M0008,M0008,M0008,M0008,M0008,M0008,M0007,M0007,M0007,M0007,M0007,M0007,M0007,M0007,M0007,M0007,M0007,M0007,M0007,M0007,M0007,M0007,M0007,M0007,M0007,M0007,M0007,M0007,M0007,M0007,M0007,M0007,M0007,M0007,M0007,M0007,M0007,M0007,M0007,M0007,M0007,M0007,M0007,M0007,M0007,M0007,M0007,M0007,M0007,M0007,M0007,M0007,M0007,M0007,M0007,M0007
M0001,M0008,M0008,M0008,M0008,M0008,M0008,M0008,M0008,M0008,M0008,M0008,M0008,M0008,M0008,M0008,M0008,M0008,M0008,M0008,M0008,M0008,M0008,M0008,M0008,M0008,M0008,M0008,M0008,M0008,M0008,M0008,M0008,M0008,M0007,M0007,M0007,M0007,M0007,M0007,M0007,M0007,M0007,M0007,M0007,M0007,M0007,M0007,M0007,M0007,M0007,M0007,M0007,M0007,M0007,M0007,M0007,M0007,M0007,M0007,M0007,M0007,M0007,M0007,M0007,M0007,M0007,M0007,M0007,M0007,M0007,M0007,M0007,M0007,M0007,M0007,M0007,M0007,M0007,M0007,M0007,M0007,M0007,M0007
M0001,M0008,M0008,M0008,M0008,M0008,M0008,M0008,M0008,M0008,M0008,M0008,M0008,M0008,M0008,M0008,M0008,M0008,M0008,M0008,M0008,M0008,M0008,M0008,M0008,M0008,M0008,M0008,M0008,M0008,M0008,M0008,M0008,M0008,M0007,M0007,M0007,M0007,M0007,M0007,M0007,M0007,M0007,M0007,M0007,M0007,M0007,M0007,M0007,M0007,M0007,M0007,M0007,M0007,M0007,M0007,M0007,M0007,M0007,M0007,M0007,M0007,M0007,M0007,M0007,M0007,M0007,M0007,M0007,M0007,M0007,M0007,M0007,M0007,M0007,M0007,M0007,M0007,M0007,M0007,M0007,M0007,M0007,M0007
M0001,M0008,M0008,M0008,M0008,M0008,M0008,M0008,M0008,M0008,M0008,M0008,M0008,M0008,M0008,M0008,M0008,M0008,M0008,M0008,M0008,M0008,M0008,M0008,M0008,M0008,M0008,M0008,M0008,M0008,M0008,M0008,M0008,M0008,M0007,M0007,M0007,M0007,M0007,M0007,M0007,M0007,M0007,M0007,M0007,M0007,M0007,M0007,M0007,M0007,M0007,M0007,M0007,M0007,M0007,M0007,M0007,M0007,M0007,M0007,M0007,M0007,M0007,M0007,M0007,M0007,M0007,M0007,M0007,M0007,M0007,M0007,M0007,M0007,M0007,M0007,M0007,M0007,M0007,M0007,M0007,M0007,M0007,M0007
M0001,M0008,M0008,M0008,M0008,M0008,M0008,M0008,M0008,M0008,M0008,M0008,M0008,M0008,M0008,M0008,M0008,M0008,M0008,M0008,M0008,M0008,M0008,M0008,M0008,M0008,M0008,M0008,M0008,M0008,M0008,M0008,M0008,M0008,M0007,M0007,M0007,M0007,M0007,M0007,M0007,M0007,M0007,M0007,M0007,M0007,M0007,M0007,M0007,M0007,M0007,M0007,M0007,M0007,M0007,M0007,M0007,M0007,M0007,M0007,M0007,M0007,M0007,M0007,M0007,M0007,M0007,M0007,M0007,M0007,M0007,M0007,M0007,M0007,M0007,M0007,M0007,M0007,M0007,M0007,M0007,M0007,M0007,M0007
M0001,M0008,M0008,M0008,M0008,M0008,M0008,M0008,M0008,M0008,M0008,M0008,M0008,M0008,M0008,M0008,M0008,M0008,M0008,M0008,M0008,M0008,M0008,M0008,M0008,M0008,M0008,M0008,M0008,M0008,M0008,M0008,M0008,M0008,M0007,M0007,M0007,M0007,M0007,M0007,M0007,M0007,M0007,M0007,M0007,M0007,M0007,M0007,M0007,M0007,M0007,M0007,M0007,M0007,M0007,M0007,M0007,M0007,M0007,M0007,M0007,M0007,M0007,M0007,M0007,M0007,M0007,M0007,M0007,M0007,M0007,M0007,M0007,M0007,M0007,M0007,M0007,M0007,M0007,M0007,M0007,M0007,M0007,M0007
M0001,M0008,M0008,M0008,M0008,M0008,M0008,M0008,M0008,M0008,M0008,M0008,M0008,M0008,M0008,M0008,M0008,M0008,M0008,M0008,M0008,M0008,M0008,M0008,M0008,M0008,M0008,M0008,M0008,M0008,M0008,M0008,M0008,M0008,M0007,M0007,M0007,M0007,M0007,M0007,M0007,M0007,M0007,M0007,M0007,M0007,M0007,M0007,M0007,M0007,M0007,M0007,M0007,M0007,M0007,M0007,M0007,M0007,M0007,M0007,M0007,M0007,M0007,M0007,M0007,M0007,M0007,M0007,M0007,M0007,M0007,M0007,M0007,M0007,M0007,M0007,M0007,M0007,M0007,M0007,M0007,M0007,M0007,M0007
M0001,M0008,M0008,M0008,M0008,M0008,M0008,M0008,M0008,M0008,M0008,M0008,M0008,M0008,M0008,M0008,M0008,M0008,M0008,M0008,M0008,M0008,M0008,M0008,M0008,M0008,M0008,M0008,M0008,M0008,M0008,M0008,M0008,M0008,M0007,M0007,M0007,M0007,M0007,M0007,M0007,M0007,M0007,M0007,M0007,M0007,M0007,M0007,M0007,M0007,M0007,M0007,M0007,M0007,M0007,M0007,M0007,M0007,M0007,M0007,M0007,M0007,M0007,M0007,M0007,M0007,M0007,M0007,M0007,M0007,M0007,M0007,M0007,M0007,M0007,M0007,M0007,M0007,M0007,M0007,M0007,M0007,M0007,M0007
M0001,M0008,M0008,M0008,M0008,M0008,M0008,M0008,M0008,M0008,M0008,M0008,M0008,M0008,M0008,M0008,M0008,M0008,M0008,M0008,M0008,M0008,M0008,M0008,M0008,M0008,M0008,M0008,M0008,M0008,M0008,M0008,M0008,M0008,M0007,M0007,M0007,M0007,M0007,M0007,M0007,M0007,M0007,M0007,M0007,M0007,M0007,M0007,M0007,M0007,M0007,M0007,M0007,M0007,M0007,M0007,M0007,M0007,M0007,M0007,M0007,M0007,M0007,M0007,M0007,M0007,M0007,M0007,M0007,M0007,M0007,M0007,M0007,M0007,M0007,M0007,M0007,M0007,M0007,M0007,M0007,M0007,M0007,M0007
M0001,M0008,M0008,M0008,M0008,M0008,M0008,M0008,M0008,M0008,M0008,M0008,M0008,M0008,M0008,M0008,M0008,M0008,M0008,M0008,M0008,M0008,M0008,M0008,M0008,M0008,M0008,M0008,M0008,M0008,M0008,M0008,M0008,M0008,M0007,M0007,M0007,M0007,M0007,M0007,M0007,M0007,M0007,M0007,M0007,M0007,M0007,M0007,M0007,M0007,M0007,M0007,M0007,M0007,M0007,M0007,M0007,M0007,M0007,M0007,M0007,M0007,M0007,M0007,M0007,M0007,M0007,M0007,M0007,M0007,M0007,M0007,M0007,M0007,M0007,M0007,M0007,M0007,M0007,M0007,M0007,M0007,M0007,M0007
M0001,M0008,M0008,M0008,M0008,M0008,M0008,M0008,M0008,M0008,M0008,M0008,M0008,M0008,M0008,M0008,M0008,M0008,M0008,M0008,M0008,M0008,M0008,M0008,M0008,M0008,M0008,M0008,M0008,M0008,M0008,M0008,M0008,M0008,M0007,M0007,M0007,M0007,M0007,M0007,M0007,M0007,M0007,M0007,M0007,M0007,M0007,M0007,M0007,M0007,M0007,M0007,M0007,M0007,M0007,M0007,M0007,M0007,M0007,M0007,M0007,M0007,M0007,M0007,M0007,M0007,M0007,M0007,M0007,M0007,M0007,M0007,M0007,M0007,M0007,M0007,M0007,M0007,M0007,M0007,M0007,M0007,M0007,M0007
M0001,M0008,M0008,M0008,M0008,M0008,M0008,M0008,M0008,M0008,M0008,M0008,M0008,M0008,M0008,M0008,M0008,M0008,M0008,M0008,M0008,M0008,M0008,M0008,M0008,M0008,M0008,M0008,M0008,M0008,M0008,M0008,M0008,M0008,M0007,M0007,M0007,M0007,M0007,M0007,M0007,M0007,M0007,M0007,M0007,M0007,M0007,M0007,M0007,M0007,M0007,M0007,M0007,M0007,M0007,M0007,M0007,M0007,M0007,M0007,M0007,M0007,M0007,M0007,M0007,M0007,M0007,M0007,M0007,M0007,M0007,M0007,M0007,M0007,M0007,M0007,M0007,M0007,M0007,M0007,M0007,M0007,M0007,M0007
M0001,M0008,M0008,M0008,M0008,M0008,M0008,M0008,M0008,M0008,M0008,M0008,M0008,M0008,M0008,M0008,M0008,M0008,M0008,M0008,M0008,M0008,M0008,M0008,M0008,M0008,M0008,M0008,M0008,M0008,M0008,M0008,M0008,M0008,M0007,M0007,M0007,M0007,M0007,M0007,M0007,M0007,M0007,M0007,M0007,M0007,M0007,M0007,M0007,M0007,M0007,M0007,M0007,M0007,M0007,M0007,M0007,M0007,M0007,M0007,M0007,M0007,M0007,M0007,M0007,M0007,M0007,M0007,M0007,M0007,M0007,M0007,M0007,M0007,M0007,M0007,M0007,M0007,M0007,M0007,M0007,M0007,M0007,M0007
M0001,M0008,M0008,M0008,M0008,M0008,M0008,M0008,M0008,M0008,M0008,M0008,M0008,M0008,M0008,M0008,M0008,M0008,M0008,M0008,M0008,M0008,M0008,M0008,M0008,M0008,M0008,M0008,M0008,M0008,M0008,M0008,M0008,M0008,M0007,M0007,M0007,M0007,M0007,M0007,M0007,M0007,M0007,M0007,M0007,M0007,M0007,M0007,M0007,M0007,M0007,M0007,M0007,M0007,M0007,M0007,M0007,M0007,M0007,M0007,M0007,M0007,M0007,M0007,M0007,M0007,M0007,M0007,M0007,M0007,M0007,M0007,M0007,M0007,M0007,M0007,M0007,M0007,M0007,M0007,M0007,M0007,M0007,M0007
M0001,M0008,M0008,M0008,M0008,M0008,M0008,M0008,M0008,M0008,M0008,M0008,M0008,M0008,M0008,M0008,M0008,M0008,M0008,M0008,M0008,M0008,M0008,M0008,M0008,M0008,M0008,M0008,M0008,M0008,M0008,M0008,M0008,M0008,M0007,M0007,M0007,M0007,M0007,M0007,M0007,M0007,M0007,M0007,M0007,M0007,M0007,M0007,M0007,M0007,M0007,M0007,M0007,M0007,M0007,M0007,M0007,M0007,M0007,M0007,M0007,M0007,M0007,M0007,M0007,M0007,M0007,M0007,M0007,M0007,M0007,M0007,M0007,M0007,M0007,M0007,M0007,M0007,M0007,M0007,M0007,M0007,M0007,M0007
M0001,M0008,M0008,M0008,M0008,M0008,M0008,M0008,M0008,M0008,M0008,M0008,M0008,M0008,M0008,M0008,M0008,M0008,M0008,M0008,M0008,M0008,M0008,M0008,M0008,M0008,M0008,M0008,M0008,M0008,M0008,M0008,M0008,M0008,M0007,M0007,M0007,M0007,M0007,M0007,M0007,M0007,M0007,M0007,M0007,M0007,M0007,M0007,M0007,M0007,M0007,M0007,M0007,M0007,M0007,M0007,M0007,M0007,M0007,M0007,M0007,M0007,M0007,M0007,M0007,M0007,M0007,M0007,M0007,M0007,M0007,M0007,M0007,M0007,M0007,M0007,M0007,M0007,M0007,M0007,M0007,M0007,M0007,M0007
M0001,M0008,M0008,M0008,M0008,M0008,M0008,M0008,M0008,M0008,M0008,M0008,M0008,M0008,M0008,M0008,M0008,M0008,M0008,M0008,M0008,M0008,M0008,M0008,M0008,M0008,M0008,M0008,M0008,M0008,M0008,M0008,M0008,M0008,M0007,M0007,M0007,M0007,M0007,M0007,M0007,M0007,M0007,M0007,M0007,M0007,M0007,M0007,M0007,M0007,M0007,M0007,M0007,M0007,M0007,M0007,M0007,M0007,M0007,M0007,M0007,M0007,M0007,M0007,M0007,M0007,M0007,M0007,M0007,M0007,M0007,M0007,M0007,M0007,M0007,M0007,M0007,M0007,M0007,M0007,M0007,M0007,M0007,M0007
M0001,M0008,M0008,M0008,M0008,M0008,M0008,M0008,M0008,M0008,M0008,M0008,M0008,M0008,M0008,M0008,M0008,M0008,M0008,M0008,M0008,M0008,M0008,M0008,M0008,M0008,M0008,M0008,M0008,M0008,M0008,M0008,M0008,M0008,M0007,M0007,M0007,M0007,M0007,M0007,M0007,M0007,M0007,M0007,M0007,M0007,M0007,M0007,M0007,M0007,M0007,M0007,M0007,M0007,M0007,M0007,M0007,M0007,M0007,M0007,M0007,M0007,M0007,M0007,M0007,M0007,M0007,M0007,M0007,M0007,M0007,M0007,M0007,M0007,M0007,M0007,M0007,M0007,M0007,M0007,M0007,M0007,M0007,M0007
M0001,M0008,M0008,M0008,M0008,M0008,M0008,M0008,M0008,M0008,M0008,M0008,M0008,M0008,M0008,M0008,M0008,M0008,M0008,M0008,M0008,M0008,M0008,M0008,M0008,M0008,M0008,M0008,M0008,M0008,M0008,M0008,M0008,M0008,M0007,M0007,M0007,M0007,M0007,M0007,M0007,M0007,M0007,M0007,M0007,M0007,M0007,M0007,M0007,M0007,M0007,M0007,M0007,M0007,M0007,M0007,M0007,M0007,M0007,M0007,M0007,M0007,M0007,M0007,M0007,M0007,M0007,M0007,M0007,M0007,M0007,M0007,M0007,M0007,M0007,M0007,M0007,M0007,M0007,M0007,M0007,M0007,M0007,M0007
M0001,M0008,M0008,M0008,M0008,M0008,M0008,M0008,M0008,M0008,M0008,M0008,M0008,M0008,M0008,M0008,M0008,M0008,M0008,M0008,M0008,M0008,M0008,M0008,M0008,M0008,M0008,M0008,M0008,M0008,M0008,M0008,M0008,M0008,M0007,M0007,M0007,M0007,M0007,M0007,M0007,M0007,M0007,M0007,M0007,M0007,M0007,M0007,M0007,M0007,M0007,M0007,M0007,M0007,M0007,M0007,M0007,M0007,M0007,M0007,M0007,M0007,M0007,M0007,M0007,M0007,M0007,M0007,M0007,M0007,M0007,M0007,M0007,M0007,M0007,M0007,M0007,M0007,M0007,M0007,M0007,M0007,M0007,M0007
M0001,M0008,M0008,M0008,M0008,M0008,M0008,M0008,M0008,M0008,M0008,M0008,M0008,M0008,M0008,M0008,M0008,M0008,M0008,M0008,M0008,M0008,M0008,M0008,M0008,M0008,M0008,M0008,M0008,M0008,M0008,M0008,M0008,M0008,M0007,M0007,M0007,M0007,M0007,M0007,M0007,M0007,M0007,M0007,M0007,M0007,M0007,M0007,M0007,M0007,M0007,M0007,M0007,M0007,M0007,M0007,M0007,M0007,M0007,M0007,M0007,M0007,M0007,M0007,M0007,M0007,M0007,M0007,M0007,M0007,M0007,M0007,M0007,M0007,M0007,M0007,M0007,M0007,M0007,M0007,M0007,M0007,M0007,M0007
M0001,M0008,M0008,M0008,M0008,M0008,M0008,M0008,M0008,M0008,M0008,M0008,M0008,M0008,M0008,M0008,M0008,M0008,M0008,M0008,M0008,M0008,M0008,M0008,M0008,M0008,M0008,M0008,M0008,M0008,M0008,M0008,M0008,M0008,M0007,M0007,M0007,M0007,M0007,M0007,M0007,M0007,M0007,M0007,M0007,M0007,M0007,M0007,M0007,M0007,M0007,M0007,M0007,M0007,M0007,M0007,M0007,M0007,M0007,M0007,M0007,M0007,M0007,M0007,M0007,M0007,M0007,M0007,M0007,M0007,M0007,M0007,M0007,M0007,M0007,M0007,M0007,M0007,M0007,M0007,M0007,M0007,M0007,M0007
M0001,M0008,M0008,M0008,M0008,M0008,M0008,M0008,M0008,M0008,M0008,M0008,M0008,M0008,M0008,M0008,M0008,M0008,M0008,M0008,M0008,M0008,M0008,M0008,M0008,M0008,M0008,M0008,M0008,M0008,M0008,M0008,M0008,M0008,M0007,M0007,M0007,M0007,M0007,M0007,M0007,M0007,M0007,M0007,M0007,M0007,M0007,M0007,M0007,M0007,M0007,M0007,M0007,M0007,M0007,M0007,M0007,M0007,M0007,M0007,M0007,M0007,M0007,M0007,M0007,M0007,M0007,M0007,M0007,M0007,M0007,M0007,M0007,M0007,M0007,M0007,M0007,M0007,M0007,M0007,M0007,M0007,M0007,M0007
M0001,M0008,M0008,M0008,M0008,M0008,M0008,M0008,M0008,M0008,M0008,M0008,M0008,M0008,M0008,M0008,M0008,M0008,M0008,M0008,M0008,M0008,M0008,M0008,M0008,M0008,M0008,M0008,M0008,M0008,M0008,M0008,M0008,M0008,M0007,M0007,M0007,M0007,M0007,M0007,M0007,M0007,M0007,M0007,M0007,M0007,M0007,M0007,M0007,M0007,M0007,M0007,M0007,M0007,M0007,M0007,M0007,M0007,M0007,M0007,M0007,M0007,M0007,M0007,M0007,M0007,M0007,M0007,M0007,M0007,M0007,M0007,M0007,M0007,M0007,M0007,M0007,M0007,M0007,M0007,M0007,M0007,M0007,M0007
M0001,M0008,M0008,M0008,M0008,M0008,M0008,M0008,M0008,M0008,M0008,M0008,M0008,M0008,M0008,M0008,M0008,M0008,M0008,M0008,M0008,M0008,M0008,M0008,M0008,M0008,M0008,M0008,M0008,M0008,M0008,M0008,M0008,M0008,M0007,M0007,M0007,M0007,M0007,M0007,M0007,M0007,M0007,M0007,M0007,M0007,M0007,M0007,M0007,M0007,M0007,M0007,M0007,M0007,M0007,M0007,M0007,M0007,M0007,M0007,M0007,M0007,M0007,M0007,M0007,M0007,M0007,M0007,M0007,M0007,M0007,M0007,M0007,M0007,M0007,M0007,M0007,M0007,M0007,M0007,M0007,M0007,M0007,M0007
M0001,M0001,M0001,M0001,M0001,M0001,M0001,M0001,M0001,M0001,M0001,M0001,M0001,M0001,M0001,M0001,M0001,M0001,M0001,M0001,M0001,M0001,M0001,M0001,M0001,M0001,M0001,M0001,M0001,M0001,M0001,M0001,M0001,M0001,M0001,M0001,M0001,M0001,M0001,M0001,M0001,M0001,M0001,M0001,M0001,M0001,M0001,M0001,M0001,M0001,M0001,M0001,M0001,M0001,M0001,M0001,M0001,M0001,M0001,M0001,M0001,M0001,M0001,M0001,M0001,M0001,M0001,M0001,M0001,M0001,M0001,M0001,M0001,M0001,M0001,M0001,M0001,M0001,M0001,M0001,M0001,M0001,M0001,M0001
M0001,M0001,M0001,M0001,M0001,M0001,M0001,M0001,M0001,M0001,M0001,M0001,M0001,M0001,M0001,M0001,M0001,M0001,M0001,M0001,M0001,M0001,M0001,M0001,M0001,M0001,M0001,M0001,M0001,M0001,M0001,M0001,M0001,M0001,M0001,M0001,M0001,M0001,M0001,M0001,M0001,M0001,M0001,M0001,M0001,M0001,M0001,M0001,M0001,M0001,M0001,M0001,M0001,M0001,M0001,M0001,M0001,M0001,M0001,M0001,M0001,M0001,M0001,M0001,M0001,M0001,M0001,M0001,M0001,M0001,M0001,M0001,M0001,M0001,M0001,M0001,M0001,M0001,M0001,M0001,M0001,M0001,M0001,M0001
M0001,M0001,M0001,M0001,M0001,M0001,M0001,M0001,M0001,M0001,M0001,M0001,M0001,M0001,M0001,M0001,M0001,M0001,M0001,M0001,M0001,M0001,M0001,M0001,M0001,M0001,M0001,M0001,M0001,M0001,M0001,M0001,M0001,M0001,M0001,M0001,M0001,M0001,M0001,M0001,M0001,M0001,M0001,M0001,M0001,M0001,M0001,M0001,M0001,M0001,M0001,M0001,M0001,M0001,M0001,M0001,M0001,M0001,M0001,M0001,M0001,M0001,M0001,M0001,M0001,M0001,M0001,M0001,M0001,M0001,M0001,M0001,M0001,M0001,M0001,M0001,M0001,M0001,M0001,M0001,M0001,M0001,M0001,M0001
M0001,M0001,M0001,M0001,M0001,M0001,M0001,M0001,M0001,M0001,M0001,M0001,M0001,M0001,M0001,M0001,M0001,M0001,M0001,M0001,M0001,M0001,M0001,M0001,M0001,M0001,M0001,M0001,M0001,M0001,M0001,M0001,M0001,M0001,M0001,M0001,M0001,M0001,M0001,M0001,M0001,M0001,M0001,M0001,M0001,M0001,M0001,M0001,M0001,M0001,M0001,M0001,M0001,M0001,M0001,M0001,M0001,M0001,M0001,M0001,M0001,M0001,M0001,M0001,M0001,M0001,M0001,M0001,M0001,M0001,M0001,M0001,M0001,M0001,M0001,M0001,M0001,M0001,M0001,M0001,M0001,M0001,M0001,M0001
M0001,M0001,M0001,M0001,M0001,M0001,M0001,M0001,M0001,M0001,M0001,M0001,M0001,M0001,M0001,M0001,M0001,M0001,M0001,M0001,M0001,M0001,M0001,M0001,M0001,M0001,M0001,M0001,M0001,M0001,M0001,M0001,M0001,M0001,M0001,M0001,M0001,M0001,M0001,M0001,M0001,M0001,M0001,M0001,M0001,M0001,M0001,M0001,M0001,M0001,M0001,M0001,M0001,M0001,M0001,M0001,M0001,M0001,M0001,M0001,M0001,M0001,M0001,M0001,M0001,M0001,M0001,M0001,M0001,M0001,M0001,M0001,M0001,M0001,M0001,M0001,M0001,M0001,M0001,M0001,M0001,M0001,M0001,M0001